thermostat_id,heat_type,heat_stage,cool_type,cool_stage,zipcode,utc_offset,interval_data_filename
too_many_heating_minutes,heat_pump_electric_backup,single_stage,heat_pump,,62223,-7,thermostat_type_1_single_too_many_heating_minutes.csv
too_many_cooling_minutes,heat_pump_electric_backup,single_stage,heat_pump,,62223,-7,thermostat_type_1_single_too_many_cooling_minutes.csv
too_many_aux_minutes,heat_pump_electric_backup,single_stage,heat_pump,,62223,-7,thermostat_type_1_single_too_many_aux_minutes.csv
too_many_emerg_minutes,heat_pump_electric_backup,single_stage,heat_pump,,62223,-7,thermostat_type_1_single_too_many_emerg_minutes.csv
