thermostat_id,heat_type,heat_stage,cool_type,cool_stage,zipcode,utc_offset,interval_data_filename
thermostat_single_emg_aux_constant_on_outlier,heat_pump_electric_backup,single_stage,heat_pump,,04469,-7,thermostat_single_emg_aux_constant_on_outlier.csv
f4080332-7bc7-40be-a4d1-26311b5ef726-1,heat_pump_electric_backup,single_stage,heat_pump,,04469,-7,thermostat_f4080332-7bc7-40be-a4d1-26311b5ef726.csv
f4080332-7bc7-40be-a4d1-26311b5ef726-2,heat_pump_electric_backup,single_stage,heat_pump,,04469,-7,thermostat_f4080332-7bc7-40be-a4d1-26311b5ef726.csv
f4080332-7bc7-40be-a4d1-26311b5ef726-3,heat_pump_electric_backup,single_stage,heat_pump,,04469,-7,thermostat_f4080332-7bc7-40be-a4d1-26311b5ef726.csv
f4080332-7bc7-40be-a4d1-26311b5ef726-4,heat_pump_electric_backup,single_stage,heat_pump,,04469,-7,thermostat_f4080332-7bc7-40be-a4d1-26311b5ef726.csv
